﻿Vessel Name,Port Call Type,Port Type,Current Port,Ata/atd,Time At Port,Destination Port,Voyage Origin Port,Voyage Time Underway,Voyage Distance Travelled,Leg Start Port/anch,Leg Time Underway,Leg Distance Travelled,Load Condition,In Transit Port Calls,My Fleets
ASIA ENERGY,ARRIVAL,Port,ASHBURTON,2019-08-08 09:05:00,-,,YUNG AN,10d 9h 21m,3285,DAMPIER ANCH,1d 53m,286,In Ballast,Not in Transit,Chevron Shipping
ASIA EXCELLENCE,ARRIVAL,Anchorage,SINGAPORE ANCH,2019-08-07 03:02:00,-,,TIANJIN,10d 1h 3m,2450,TIANJIN,10d 1h 3m,2450,Partially Laden,Not in Transit,Chevron Shipping
ASIA ENERGY,ARRIVAL,Anchorage,DAMPIER ANCH,2019-08-06 00:47:00,-,,YUNG AN,8d 1h 3m,2996,YUNG AN,8d 1h 3m,2996,In Ballast,Not in Transit,Chevron Shipping
ASIA VISION,ARRIVAL,Port,ASHBURTON,2019-08-03 08:55:00,-,,KISARAZU,10d 8h 40m,3935,KISARAZU,10d 8h 40m,3935,Partially Laden,Not in Transit,Chevron Shipping
ASIA ENDEAVOUR,ARRIVAL,Anchorage,KAOHSIUNG ANCH,2019-08-01 00:58:00,-,,CAOFEIDIAN,3d 20h 49m,1431,CAOFEIDIAN,3d 20h 49m,1431,Partially Laden,Not in Transit,Chevron Shipping
ASIA INTEGRITY,ARRIVAL,Anchorage,KAOHSIUNG ANCH,2019-07-30 00:04:00,-,,XIUYU,14h 33m,187,XIUYU,14h 33m,187,Partially Laden,Not in Transit,Chevron Shipping
ASIA INTEGRITY,ARRIVAL,Port,XIUYU,2019-07-28 06:17:00,-,,BARROW ISLAND,9d 3h 52m,3363,BARROW ISLAND,9d 3h 52m,3363,Laden,Not in Transit,Chevron Shipping
ASIA ENERGY,ARRIVAL,Port,YUNG AN,2019-07-27 23:49:00,-,,DAMPIER,8d 19h 13m,3411,DAMPIER,8d 19h 13m,3411,Laden,Not in Transit,Chevron Shipping
ASIA VENTURE,ARRIVAL,Port,ASHBURTON,2019-07-27 09:12:00,-,,TIESHAN,12d 3h 42m,3183,TIESHAN,12d 3h 42m,3183,Partially Laden,Not in Transit,Chevron Shipping
ASIA ENDEAVOUR,ARRIVAL,Port,CAOFEIDIAN,2019-07-26 23:51:00,-,,ASHBURTON,9d 11h 45m,4224,ASHBURTON,9d 11h 45m,4224,Laden,Not in Transit,Chevron Shipping
ASIA EXCELLENCE,ARRIVAL,Port,TIANJIN,2019-07-26 01:44:00,-,,BARROW ISLAND,9d 13h 49m,4115,BARROW ISLAND,9d 13h 49m,4115,Laden,Not in Transit,Chevron Shipping
ASIA VISION,ARRIVAL,Port,KISARAZU,2019-07-23 00:44:00,-,,ASHBURTON,9d 6h 59m,3875,ASHBURTON,9d 6h 59m,3875,Laden,Not in Transit,Chevron Shipping
ASIA ENERGY,ARRIVAL,Port,DAMPIER,2019-07-18 00:44:00,-,,BORYEONG,12d 21h 12m,3780,DAMPIER ANCH,1m,0,In Ballast,Not in Transit,Chevron Shipping
ASIA INTEGRITY,ARRIVAL,Port,BARROW ISLAND,2019-07-18 00:43:00,-,,NAGOYA,9d 29m,3705,NAGOYA,9d 29m,3705,Partially Laden,Not in Transit,Chevron Shipping
ASIA ENDEAVOUR,ARRIVAL,Port,ASHBURTON,2019-07-16 12:42:00,-,,NIIGATA,11d 10h 1m,4329,NIIGATA,11d 10h 1m,4329,Partially Laden,Not in Transit,Chevron Shipping
ASIA EXCELLENCE,ARRIVAL,Port,BARROW ISLAND,2019-07-15 10:31:00,-,,ZHOUSHAN,16d 3h 46m,4917,KAOHSIUNG ANCH,14d 3h 54m,4252,Partially Laden,Not in Transit,Chevron Shipping
ASIA ENERGY,ARRIVAL,Anchorage,DAMPIER ANCH,2019-07-15 02:11:00,-,,BORYEONG,9d 22h 39m,3754,BORYEONG,9d 22h 39m,3754,In Ballast,Not in Transit,Chevron Shipping
ASIA VENTURE,ARRIVAL,Port,TIESHAN,2019-07-14 04:33:00,-,,BARROW ISLAND,11d 3h 20m,3401,BARROW ISLAND,11d 3h 20m,3401,Laden,Not in Transit,Chevron Shipping
ASIA VISION,ARRIVAL,Port,ASHBURTON,2019-07-11 11:44:00,-,,SEMBAWANG,10d 9h 20m,2147,DAMPIER ANCH,1d 3h 2m,215,In Ballast,Not in Transit,Chevron Shipping
ASIA VISION,ARRIVAL,Anchorage,DAMPIER ANCH,2019-07-10 00:15:00,-,,SEMBAWANG,8d 21h 51m,1929,SINGAPORE ANCH,6d 23h 17m,1883,In Ballast,Not in Transit,Chevron Shipping
ASIA INTEGRITY,ARRIVAL,Port,NAGOYA,2019-07-07 23:58:00,-,,ASHBURTON,9d 9h 45m,3944,ASHBURTON,9d 9h 45m,3944,Laden,Not in Transit,Chevron Shipping
ASIA ENERGY,ARRIVAL,Port,BORYEONG,2019-07-04 01:21:00,-,,BARROW ISLAND,9d 15h 33m,3839,BARROW ISLAND,9d 15h 33m,3839,Laden,Not in Transit,Chevron Shipping
ASIA ENDEAVOUR,ARRIVAL,Port,NIIGATA,2019-07-04 00:51:00,-,,ASHBURTON,10d 19h 17m,4573,ASHBURTON,10d 19h 17m,4573,Laden,Not in Transit,Chevron Shipping
ASIA VENTURE,ARRIVAL,Port,BARROW ISLAND,2019-07-01 22:32:00,-,,HIMEJI,15d 18h 16m,4328,BARROW ANCH,24m,4,Partially Laden,Not in Transit,Chevron Shipping
ASIA VISION,ARRIVAL,Anchorage,SINGAPORE ANCH,2019-07-01 09:15:00,-,,SEMBAWANG,6h 51m,46,SINGAPORE ANCH,2h 38m,27,In Ballast,Not in Transit,Chevron Shipping
ASIA VISION,ARRIVAL,Anchorage,SINGAPORE ANCH,2019-07-01 04:31:00,-,,SEMBAWANG,2h 7m,17,SEMBAWANG,2h 7m,17,In Ballast,Not in Transit,Chevron Shipping
ASIA EXCELLENCE,ARRIVAL,Anchorage,KAOHSIUNG ANCH,2019-07-01 01:21:00,-,,ZHOUSHAN,1d 18h 36m,664,ZHOUSHAN,1d 18h 36m,664,Partially Laden,Not in Transit,Chevron Shipping
ASIA VENTURE,ARRIVAL,Anchorage,BARROW ANCH,2019-06-29 05:38:00,-,,HIMEJI,13d 1h 22m,4314,HIMEJI,13d 1h 22m,4314,Partially Laden,Not in Transit,Chevron Shipping
ASIA EXCELLENCE,ARRIVAL,Port,ZHOUSHAN,2019-06-28 05:28:00,-,,BARROW ISLAND,9d 18h 35m,3803,BARROW ISLAND,9d 18h 35m,3803,Laden,Not in Transit,Chevron Shipping
ASIA INTEGRITY,ARRIVAL,Port,ASHBURTON,2019-06-27 08:54:00,-,,SHANGHAI,13d 7h ,3991,DAMPIER ANCH,10h 58m,159,Partially Laden,Not in Transit,Chevron Shipping
ASIA INTEGRITY,ARRIVAL,Anchorage,DAMPIER ANCH,2019-06-24 05:58:00,-,,SHANGHAI,10d 4h 4m,3827,SHANGHAI,10d 4h 4m,3827,Partially Laden,Not in Transit,Chevron Shipping
ASIA ENERGY,ARRIVAL,Port,BARROW ISLAND,2019-06-23 08:33:00,-,,BORYEONG,18d 6h ,4110,DAMPIER ANCH,7h 24m,81,In Ballast,Not in Transit,Chevron Shipping
ASIA ENDEAVOUR,ARRIVAL,Port,ASHBURTON,2019-06-21 12:29:00,-,,YANGKOU,33d 6h 41m,5399,SINGAPORE ANCH,18d 12h 47m,2321,Partially Laden,Not in Transit,Chevron Shipping
ASIA ENERGY,ARRIVAL,Anchorage,DAMPIER ANCH,2019-06-18 01:03:00,-,,BORYEONG,12d 22h 30m,4027,BORYEONG,12d 22h 30m,4027,In Ballast,Not in Transit,Chevron Shipping
ASIA EXCELLENCE,ARRIVAL,Port,BARROW ISLAND,2019-06-17 08:35:00,-,,NAGOYA,11d 7h 46m,3988,NAGOYA,11d 7h 46m,3988,Partially Laden,Not in Transit,Chevron Shipping
ASIA VENTURE,ARRIVAL,Port,HIMEJI,2019-06-15 04:19:00,-,,ASHBURTON,11d 20h 44m,5363,KAOHSIUNG ANCH,3d 4h 49m,1247,Laden,Not in Transit,Chevron Shipping
ASIA INTEGRITY,ARRIVAL,Port,SHANGHAI,2019-06-13 00:02:00,-,,ASHBURTON,19d 3h 56m,5943,KAOHSIUNG ANCH,1d 18h 1m,700,Laden,Not in Transit,Chevron Shipping
ASIA VISION,ARRIVAL,Port,SEMBAWANG,2019-06-12 07:47:00,-,,SENDAI,12d 2h 37m,1751,SINGAPORE ANCH,3h ,16,In Ballast,Not in Transit,Chevron Shipping
ASIA VISION,ARRIVAL,Port,PASIR GUDANG,2019-06-12 06:13:00,-,,SENDAI,12d 1h 3m,1748,SINGAPORE ANCH,1h 26m,13,In Ballast,In Transit,Chevron Shipping
ASIA VISION,ARRIVAL,Anchorage,SINGAPORE ANCH,2019-06-11 10:44:00,-,,SENDAI,11d 5h 34m,1733,SINGAPORE ANCH,4h 18m,48,In Ballast,Not in Transit,Chevron Shipping
ASIA VENTURE,ARRIVAL,Anchorage,KAOHSIUNG ANCH,2019-06-11 00:07:00,-,,ASHBURTON,7d 16h 32m,4114,ASHBURTON,7d 16h 32m,4114,Laden,Not in Transit,Chevron Shipping
ASIA INTEGRITY,ARRIVAL,Anchorage,KAOHSIUNG ANCH,2019-06-09 01:14:00,-,,ASHBURTON,15d 5h 8m,5242,ASHBURTON,15d 5h 8m,5242,Laden,Not in Transit,Chevron Shipping
ASIA VISION,ARRIVAL,Anchorage,SINGAPORE ANCH,2019-06-08 10:45:00,-,,SENDAI,8d 5h 35m,1684,SENDAI,8d 5h 35m,1684,Partially Laden,Not in Transit,Chevron Shipping
ASIA EXCELLENCE,ARRIVAL,Port,NAGOYA,2019-06-05 01:25:00,-,,DAMPIER,11d 19h 46m,4530,DAMPIER ANCH,11d 15h 1m,4502,Laden,Not in Transit,Chevron Shipping
ASIA ENERGY,ARRIVAL,Port,BORYEONG,2019-06-04 00:26:00,-,,ASHBURTON,11d 16h 29m,4426,ASHBURTON,11d 16h 29m,4426,Laden,Not in Transit,Chevron Shipping
ASIA VENTURE,ARRIVAL,Port,ASHBURTON,2019-06-02 08:58:00,-,,YOKKAICHI,9d 7h 4m,3847,YOKKAICHI,9d 7h 4m,3847,Partially Laden,Not in Transit,Chevron Shipping
ASIA ENDEAVOUR,ARRIVAL,Anchorage,SINGAPORE ANCH,2019-05-30 02:21:00,-,,YANGKOU,10d 20h 33m,3076,YANGKOU,10d 20h 33m,3076,Partially Laden,Not in Transit,Chevron Shipping
ASIA VISION,ARRIVAL,Port,SENDAI,2019-05-29 22:53:00,-,,ASHBURTON,13d 16h 54m,4886,DAMPIER ANCH,9d 12h 10m,3918,Laden,Not in Transit,Chevron Shipping
ASIA EXCELLENCE,ARRIVAL,Anchorage,DAMPIER ANCH,2019-05-24 08:21:00,-,,DAMPIER,2h 42m,25,DAMPIER,2h 42m,25,Laden,Not in Transit,Chevron Shipping
ASIA INTEGRITY,ARRIVAL,Port,ASHBURTON,2019-05-23 18:42:00,-,,ASHBURTON,51m,8261,ASHBURTON,51m,8261,Partially Laden,Not in Transit,Chevron Shipping
ASIA INTEGRITY,ARRIVAL,Port,ASHBURTON,2019-05-23 10:44:00,-,,CAOFEIDIAN,23d 9h 9m,4944,SINGAPORE ANCH,9d 4h 45m,1950,Partially Laden,Not in Transit,Chevron Shipping
ASIA EXCELLENCE,ARRIVAL,Port,DAMPIER,2019-05-23 03:11:00,-,,YUNG AN,9d 3h 23m,3292,YUNG AN,9d 3h 23m,3292,Partially Laden,Not in Transit,Chevron Shipping
ASIA VENTURE,ARRIVAL,Port,YOKKAICHI,2019-05-23 01:22:00,-,,BARROW ANCH,8d 23h 29m,3690,BARROW ANCH,8d 23h 29m,3690,Laden,Not in Transit,Chevron Shipping
ASIA ENERGY,ARRIVAL,Port,ASHBURTON,2019-05-22 08:48:00,-,,YUNG AN,11d 8h 4m,3455,DAMPIER ANCH,1d 12m,258,In Ballast,Not in Transit,Chevron Shipping
ASIA VISION,ARRIVAL,Anchorage,DAMPIER ANCH,2019-05-20 03:05:00,-,,ASHBURTON,3d 21h 6m,963,ASHBURTON,3d 21h 6m,963,Laden,Not in Transit,Chevron Shipping
ASIA ENERGY,ARRIVAL,Anchorage,DAMPIER ANCH,2019-05-20 01:25:00,-,,YUNG AN,9d 41m,3195,YUNG AN,9d 41m,3195,In Ballast,Not in Transit,Chevron Shipping
ASIA ENDEAVOUR,ARRIVAL,Port,YANGKOU,2019-05-18 03:33:00,-,,ASHBURTON,14d 19h 13m,4378,KAOHSIUNG ANCH,3d 20h 28m,1074,Laden,Not in Transit,Chevron Shipping
ASIA VISION,ARRIVAL,Port,ASHBURTON,2019-05-15 05:53:00,-,,YANGKOU,44d 2h 22m,8183,DAMPIER ANCH,20h 54m,234,Partially Laden,Not in Transit,Chevron Shipping
ASIA EXCELLENCE,ARRIVAL,Port,YUNG AN,2019-05-12 23:38:00,-,,ASHBURTON,13d 15h 16m,4404,HSINTA ANCH,1m,0,Laden,Not in Transit,Chevron Shipping
ASIA VENTURE,ARRIVAL,Anchorage,BARROW ANCH,2019-05-12 08:49:00,-,,BARROW ISLAND,1h 29m,74,BARROW ISLAND,1h 29m,74,Partially Laden,Not in Transit,Chevron Shipping
ASIA ENDEAVOUR,ARRIVAL,Anchorage,KAOHSIUNG ANCH,2019-05-12 00:02:00,-,,ASHBURTON,8d 15h 42m,3302,ASHBURTON,8d 15h 42m,3302,Laden,Not in Transit,Chevron Shipping
ASIA VISION,ARRIVAL,Anchorage,DAMPIER ANCH,2019-05-11 07:28:00,-,,ASHBURTON,25d 3h 28m,7945,KAOHSIUNG ANCH,10d 3h 52m,3110,Partially Laden,Not in Transit,Chevron Shipping
ASIA VENTURE,ARRIVAL,Port,BARROW ISLAND,2019-05-11 05:10:00,-,,KOCHI,13d 23h 8m,3819,DAMPIER ANCH,20h 24m,218,Partially Laden,Not in Transit,Chevron Shipping
ASIA INTEGRITY,ARRIVAL,Anchorage,SINGAPORE ANCH,2019-05-10 11:15:00,-,,CAOFEIDIAN,10d 9h 40m,2992,CAOFEIDIAN,10d 9h 40m,2992,Partially Laden,Not in Transit,Chevron Shipping
ASIA ENERGY,ARRIVAL,Port,YUNG AN,2019-05-09 23:41:00,-,,ASHBURTON,12d 20h 35m,3740,KAOHSIUNG ANCH,1h 49m,14,Laden,Not in Transit,Chevron Shipping
ASIA EXCELLENCE,ARRIVAL,Anchorage,HSINTA ANCH,2019-05-09 06:54:00,-,,ASHBURTON,9d 22h 32m,4402,ASHBURTON,9d 22h 32m,4402,Laden,Not in Transit,Chevron Shipping
ASIA ENERGY,ARRIVAL,Anchorage,KAOHSIUNG ANCH,2019-05-07 02:50:00,-,,ASHBURTON,9d 23h 44m,3724,ASHBURTON,9d 23h 44m,3724,Laden,Not in Transit,Chevron Shipping
ASIA VENTURE,ARRIVAL,Anchorage,DAMPIER ANCH,2019-05-06 01:44:00,-,,KOCHI,8d 19h 42m,3596,KOCHI,8d 19h 42m,3596,Partially Laden,Not in Transit,Chevron Shipping
ASIA ENDEAVOUR,ARRIVAL,Port,ASHBURTON,2019-05-02 09:02:00,-,,DAHEJ,12d 20h 8m,4153,DAHEJ,12d 20h 8m,4153,Partially Laden,Not in Transit,Chevron Shipping
ASIA VISION,ARRIVAL,Anchorage,KAOHSIUNG ANCH,2019-04-29 02:47:00,-,,ASHBURTON,12d 22h 47m,4833,ASHBURTON,12d 22h 47m,4833,Partially Laden,Not in Transit,Chevron Shipping
ASIA EXCELLENCE,ARRIVAL,Port,ASHBURTON,2019-04-28 08:44:00,-,,YUNG AN,37d 9h 2m,9740,DAMPIER ANCH,23h 55m,309,Partially Laden,Not in Transit,Chevron Shipping
ASIA INTEGRITY,ARRIVAL,Port,CAOFEIDIAN,2019-04-28 07:41:00,-,,BARROW ISLAND,10d 2h 15m,4010,BARROW ISLAND,10d 2h 15m,4010,Laden,Not in Transit,Chevron Shipping
ASIA EXCELLENCE,ARRIVAL,Anchorage,DAMPIER ANCH,2019-04-27 01:29:00,-,,ASHBURTON,26d 16h 54m,9415,ASHBURTON,26d 16h 54m,9415,Partially Laden,Not in Transit,Chevron Shipping
ASIA VENTURE,ARRIVAL,Port,KOCHI,2019-04-26 03:59:00,-,,BARROW ISLAND,15d 15h 55m,3379,BARROW ISLAND,15d 15h 55m,3379,Laden,Not in Transit,Chevron Shipping
ASIA ENERGY,ARRIVAL,Port,ASHBURTON,2019-04-26 01:59:00,-,,BARROW ISLAND,25d 22h 20m,8252,DAMPIER ANCH,19h 3m,231,In Ballast,Not in Transit,Chevron Shipping
ASIA ENERGY,ARRIVAL,Anchorage,DAMPIER ANCH,2019-04-23 02:23:00,-,,BARROW ISLAND,22d 22h 44m,8016,KAOHSIUNG ANCH,7d 17h 45m,3006,In Ballast,Not in Transit,Chevron Shipping
ASIA ENDEAVOUR,ARRIVAL,Port,DAHEJ,2019-04-18 02:41:00,-,,ASHBURTON,15d 44m,4159,ASHBURTON,15d 44m,4159,Laden,Not in Transit,Chevron Shipping
ASIA INTEGRITY,ARRIVAL,Port,BARROW ISLAND,2019-04-16 15:01:00,-,,OITA,20d 12h 13m,3711,DAMPIER ANCH,6h 23m,67,Partially Laden,Not in Transit,Chevron Shipping
ASIA VISION,ARRIVAL,Port,ASHBURTON,2019-04-15 04:09:00,-,,YANGKOU,14d 38m,4037,DAMPIER ANCH,1d 10m,231,Partially Laden,Not in Transit,Chevron Shipping
ASIA ENERGY,ARRIVAL,Anchorage,KAOHSIUNG ANCH,2019-04-15 04:02:00,-,,BARROW ISLAND,15d 23m,5009,BARROW ISLAND,15d 23m,5009,In Ballast,Not in Transit,Chevron Shipping
ASIA VISION,ARRIVAL,Anchorage,DAMPIER ANCH,2019-04-11 23:51:00,-,,YANGKOU,10d 20h 20m,3792,KAOHSIUNG ANCH,7d 17h 8m,2916,Partially Laden,Not in Transit,Chevron Shipping
ASIA INTEGRITY,ARRIVAL,Anchorage,DAMPIER ANCH,2019-04-10 08:52:00,-,,OITA,14d 6h 4m,3642,OITA,14d 6h 4m,3642,Partially Laden,Not in Transit,Chevron Shipping
ASIA VENTURE,ARRIVAL,Port,BARROW ISLAND,2019-04-09 09:05:00,-,,KISARAZU,10d 7h 26m,3777,KISARAZU,10d 7h 26m,3777,Partially Laden,Not in Transit,Chevron Shipping
ASIA VISION,ARRIVAL,Anchorage,KAOHSIUNG ANCH,2019-04-03 23:23:00,-,,YANGKOU,2d 19h 52m,874,YANGKOU,2d 19h 52m,874,Partially Laden,Not in Transit,Chevron Shipping
ASIA ENDEAVOUR,ARRIVAL,Port,ASHBURTON,2019-04-02 02:09:00,-,,KISARAZU,13d 23h 21m,3943,DAMPIER ANCH,20h 20m,150,Partially Laden,Not in Transit,Chevron Shipping
ASIA VISION,ARRIVAL,Port,YANGKOU,2019-03-31 01:34:00,-,,BARROW ISLAND,20d 3h 38m,3640,BARROW ISLAND,20d 3h 38m,3640,Laden,Not in Transit,Chevron Shipping
ASIA ENDEAVOUR,ARRIVAL,Anchorage,DAMPIER ANCH,2019-03-31 01:18:00,-,,KISARAZU,11d 22h 30m,3790,KISARAZU,11d 22h 30m,3790,Partially Laden,Not in Transit,Chevron Shipping
ASIA EXCELLENCE,ARRIVAL,Port,ASHBURTON,2019-03-30 09:14:00,-,,YUNG AN,8d 9h 32m,3299,YUNG AN,8d 9h 32m,3299,Partially Laden,Not in Transit,Chevron Shipping
ASIA ENERGY,ARRIVAL,Port,BARROW ISLAND,2019-03-29 23:09:00,-,,HACHINOHE,13d 17h 58m,7691,DAMPIER ANCH,14h 44m,180,In Ballast,Not in Transit,Chevron Shipping
ASIA VENTURE,ARRIVAL,Port,KISARAZU,2019-03-29 00:38:00,-,,ASHBURTON,16d 14h 59m,5379,KAOHSIUNG ANCH,6d 22h 43m,2014,Laden,Not in Transit,Chevron Shipping
ASIA ENERGY,ARRIVAL,Anchorage,DAMPIER ANCH,2019-03-27 01:04:00,-,,HACHINOHE,10d 19h 53m,7509,HACHINOHE,10d 19h 53m,7509,In Ballast,Not in Transit,Chevron Shipping
ASIA INTEGRITY,ARRIVAL,Port,OITA,2019-03-26 00:41:00,-,,DAMPIER,12d 12h 47m,4264,DAMPIER,12d 12h 47m,4264,Laden,Not in Transit,Chevron Shipping
ASIA VENTURE,ARRIVAL,Anchorage,KAOHSIUNG ANCH,2019-03-21 02:02:00,-,,ASHBURTON,8d 16h 23m,3362,ASHBURTON,8d 16h 23m,3362,Laden,Not in Transit,Chevron Shipping
ASIA EXCELLENCE,ARRIVAL,Port,YUNG AN,2019-03-21 00:01:00,-,,ASHBURTON,14d 23h 10m,5566,ASHBURTON,14d 23h 10m,5566,Laden,Not in Transit,Chevron Shipping
ASIA ENDEAVOUR,ARRIVAL,Port,KISARAZU,2019-03-18 01:04:00,-,,BONTANG,11d 10h 27m,3341,BONTANG,11d 10h 27m,3341,Laden,Not in Transit,Chevron Shipping
ASIA ENERGY,ARRIVAL,Port,HACHINOHE,2019-03-15 01:10:00,-,,HACHINOHE,1d 23h 10m,3933,HACHINOHE,1d 23h 10m,3933,Laden,Not in Transit,Chevron Shipping
ASIA INTEGRITY,ARRIVAL,Port,DAMPIER,2019-03-12 07:33:00,-,,KISARAZU,12d 4h 23m,3740,DAMPIER ANCH,4m,0,Laden,Not in Transit,Chevron Shipping
ASIA ENERGY,ARRIVAL,Port,HACHINOHE,2019-03-12 01:16:00,-,,BARROW ISLAND,12d 7h 53m,4398,DAMPIER ANCH,11d 21h 27m,4329,Laden,Not in Transit,Chevron Shipping
ASIA VENTURE,ARRIVAL,Port,ASHBURTON,2019-03-11 01:12:00,-,,DAHEJ,22d 16h 33m,3821,DAMPIER ANCH,23h 33m,250,Partially Laden,Not in Transit,Chevron Shipping
ASIA INTEGRITY,ARRIVAL,Anchorage,DAMPIER ANCH,2019-03-10 05:41:00,-,,KISARAZU,10d 2h 31m,3704,KISARAZU,10d 2h 31m,3704,Partially Laden,Not in Transit,Chevron Shipping
ASIA VISION,ARRIVAL,Port,BARROW ISLAND,2019-03-09 06:42:00,-,,KISARAZU,54d 6h 17m,6997,DAMPIER ANCH,21h 56m,121,Partially Laden,Not in Transit,Chevron Shipping
ASIA VENTURE,ARRIVAL,Anchorage,DAMPIER ANCH,2019-03-07 07:06:00,-,,DAHEJ,18d 22h 27m,3566,DAHEJ,18d 22h 27m,3566,Partially Laden,Not in Transit,Chevron Shipping
ASIA EXCELLENCE,ARRIVAL,Port,ASHBURTON,2019-03-05 01:03:00,-,,KAWASAKI,12d 23h 55m,4091,DAMPIER ANCH,22h 58m,302,Partially Laden,Not in Transit,Chevron Shipping
ASIA ENDEAVOUR,ARRIVAL,Port,BONTANG,2019-03-04 17:06:00,-,,PYEONGTAEK,47d 16h 15m,5248,DAMPIER ANCH,5d 14h 6m,1384,Partially Laden,Not in Transit,Chevron Shipping
ASIA EXCELLENCE,ARRIVAL,Anchorage,DAMPIER ANCH,2019-03-02 02:00:00,-,,KAWASAKI,10d 52m,3777,KAWASAKI ANCH,10d 35m,3776,Partially Laden,Not in Transit,Chevron Shipping
ASIA ENERGY,ARRIVAL,Anchorage,DAMPIER ANCH,2019-02-28 02:23:00,-,,BARROW ISLAND,9h ,66,BARROW ISLAND,9h ,66,Laden,Not in Transit,Chevron Shipping
ASIA VISION,ARRIVAL,Anchorage,DAMPIER ANCH,2019-02-27 08:16:00,-,,BARROW ISLAND,29d 11h 46m,6872,DAMPIER ANCH,27d 23h 46m,6726,Partially Laden,Not in Transit,Chevron Shipping
ASIA INTEGRITY,ARRIVAL,Port,KISARAZU,2019-02-27 03:28:00,-,,KISARAZU,17m,2,KISARAZU,17m,2,Laden,Not in Transit,Chevron Shipping
ASIA INTEGRITY,ARRIVAL,Port,KISARAZU,2019-02-27 03:02:00,-,,KISARAZU,21m,2,KISARAZU,21m,2,Laden,Not in Transit,Chevron Shipping
ASIA INTEGRITY,ARRIVAL,Port,KISARAZU,2019-02-27 02:29:00,-,,ASHBURTON,13d 15h 19m,3365,DAMPIER ANCH,12d 16h 52m,3124,Laden,Not in Transit,Chevron Shipping
ASIA ENERGY,ARRIVAL,Port,BARROW ISLAND,2019-02-26 06:45:00,-,,KISARAZU,29d 3h 52m,3885,DAMPIER ANCH,7h 40m,59,In Ballast,Not in Transit,Chevron Shipping
ASIA EXCELLENCE,ARRIVAL,Anchorage,KAWASAKI ANCH,2019-02-20 01:09:00,-,,KAWASAKI,1m,1,KAWASAKI,1m,1,Partially Laden,Not in Transit,Chevron Shipping
ASIA EXCELLENCE,ARRIVAL,Port,KAWASAKI,2019-02-19 01:00:00,-,,ASHBURTON,15d 8m,4001,DAMPIER ANCH,8d 18h 44m,3717,Laden,Not in Transit,Chevron Shipping
ASIA VENTURE,ARRIVAL,Port,DAHEJ,2019-02-14 23:32:00,-,,ASHBURTON,25d 1h 48m,8409,KAOHSIUNG ANCH,13d 15h 22m,5238,Laden,Not in Transit,Chevron Shipping
ASIA INTEGRITY,ARRIVAL,Anchorage,DAMPIER ANCH,2019-02-14 03:34:00,-,,ASHBURTON,16h 24m,239,ASHBURTON,16h 24m,239,Laden,Not in Transit,Chevron Shipping
ASIA INTEGRITY,ARRIVAL,Port,ASHBURTON,2019-02-12 00:52:00,-,,INCHEON,25d 19h 49m,4470,DAMPIER ANCH,15h 40m,156,Partially Laden,Not in Transit,Chevron Shipping
ASIA ENERGY,ARRIVAL,Anchorage,DAMPIER ANCH,2019-02-08 06:15:00,-,,KISARAZU,11d 3h 22m,3825,KISARAZU,11d 3h 22m,3825,Partially Laden,Not in Transit,Chevron Shipping
ASIA EXCELLENCE,ARRIVAL,Anchorage,DAMPIER ANCH,2019-02-07 04:41:00,-,,ASHBURTON,3d 3h 49m,280,DAMPIER ANCH,1h 6m,0,Laden,Not in Transit,Chevron Shipping
ASIA EXCELLENCE,ARRIVAL,Anchorage,DAMPIER ANCH,2019-02-05 01:05:00,-,,ASHBURTON,1d 13m,280,ASHBURTON,1d 13m,280,Laden,Not in Transit,Chevron Shipping
ASIA EXCELLENCE,ARRIVAL,Port,ASHBURTON,2019-02-03 00:58:00,-,,GWANGYANG,18d 22h 2m,5019,DAMPIER ANCH,2d 16h 45m,735,Partially Laden,Not in Transit,Chevron Shipping
ASIA ENDEAVOUR,ARRIVAL,Anchorage,DAMPIER ANCH,2019-02-01 00:01:00,-,,PYEONGTAEK,15d 23h 10m,3862,PYEONGTAEK,15d 23h 10m,3862,Partially Laden,Not in Transit,Chevron Shipping
ASIA VENTURE,ARRIVAL,Anchorage,KAOHSIUNG ANCH,2019-01-31 02:49:00,-,,ASHBURTON,10d 5h 5m,3169,ASHBURTON,10d 5h 5m,3169,Laden,Not in Transit,Chevron Shipping
ASIA VISION,ARRIVAL,Anchorage,DAMPIER ANCH,2019-01-29 03:10:00,-,,BARROW ISLAND,6h 40m,136,BARROW ISLAND,6h 40m,136,Laden,Not in Transit,Chevron Shipping
ASIA INTEGRITY,ARRIVAL,Anchorage,DAMPIER ANCH,2019-01-29 02:36:00,-,,INCHEON,11d 21h 33m,4312,INCHEON,11d 21h 33m,4312,Partially Laden,Not in Transit,Chevron Shipping
ASIA EXCELLENCE,ARRIVAL,Anchorage,DAMPIER ANCH,2019-01-28 01:27:00,-,,GWANGYANG,12d 22h 31m,4282,GWANGYANG,12d 22h 31m,4282,Partially Laden,Not in Transit,Chevron Shipping
ASIA VISION,ARRIVAL,Port,BARROW ISLAND,2019-01-27 17:21:00,-,,KISARAZU,13d 16h 56m,4341,KISARAZU,13d 16h 56m,4341,Partially Laden,Not in Transit,Chevron Shipping
ASIA ENERGY,ARRIVAL,Port,KISARAZU,2019-01-27 00:44:00,-,,ASHBURTON,10d 14h 7m,4374,ASHBURTON,10d 14h 7m,4374,Laden,Not in Transit,Chevron Shipping
ASIA VENTURE,ARRIVAL,Port,ASHBURTON,2019-01-20 15:53:00,-,,ASHBURTON,16h 31m,46,ASHBURTON,16h 31m,46,Partially Laden,Not in Transit,Chevron Shipping
ASIA VENTURE,ARRIVAL,Port,ASHBURTON,2019-01-19 22:57:00,-,,KAWASAKI,19d 21h 55m,3938,DAMPIER ANCH,1d 16h 22m,292,Partially Laden,Not in Transit,Chevron Shipping
ASIA INTEGRITY,ARRIVAL,Port,INCHEON,2019-01-19 00:05:00,-,,INCHEON,1d 19h 2m,739,INCHEON,1d 19h 2m,739,Partially Laden,In Transit,Chevron Shipping
ASIA INTEGRITY,ARRIVAL,Port,INCHEON,2019-01-18 13:01:00,-,,INCHEON,1d 7h 58m,541,INCHEON,1d 7h 58m,541,Partially Laden,In Transit,Chevron Shipping
ASIA INTEGRITY,ARRIVAL,Port,INCHEON,2019-01-18 03:51:00,-,,INCHEON,22h 48m,383,INCHEON,22h 48m,383,Partially Laden,In Transit,Chevron Shipping
ASIA INTEGRITY,ARRIVAL,Port,INCHEON,2019-01-17 16:01:00,-,,INCHEON,10h 58m,187,INCHEON,10h 58m,187,Partially Laden,In Transit,Chevron Shipping
ASIA INTEGRITY,ARRIVAL,Port,INCHEON,2019-01-17 14:49:00,-,,INCHEON,9h 46m,166,INCHEON,9h 46m,166,Partially Laden,In Transit,Chevron Shipping
ASIA INTEGRITY,ARRIVAL,Port,INCHEON,2019-01-16 05:24:00,-,,ASHBURTON,8d 15h 57m,3758,ASHBURTON,8d 15h 57m,3758,Laden,Not in Transit,Chevron Shipping
ASIA ENERGY,ARRIVAL,Port,ASHBURTON,2019-01-15 01:06:00,-,,ANJEONG,22d 22h 57m,4136,DAMPIER ANCH,23h 36m,237,Partially Laden,Not in Transit,Chevron Shipping
ASIA ENDEAVOUR,ARRIVAL,Port,PYEONGTAEK,2019-01-14 23:28:00,-,,DAMPIER,10d 17h 56m,4291,DAMPIER,10d 17h 56m,4291,Laden,Not in Transit,Chevron Shipping
ASIA VENTURE,ARRIVAL,Anchorage,DAMPIER ANCH,2019-01-14 10:15:00,-,,KAWASAKI,14d 9h 13m,3644,KAWASAKI,14d 9h 13m,3644,Partially Laden,Not in Transit,Chevron Shipping
ASIA EXCELLENCE,ARRIVAL,Port,GWANGYANG,2019-01-14 00:38:00,-,,BARROW ISLAND,8d 11h 57m,3646,BARROW ISLAND,8d 11h 57m,3646,Laden,Not in Transit,Chevron Shipping
ASIA VISION,ARRIVAL,Port,KISARAZU,2019-01-13 00:40:00,-,,ASHBURTON,15d 23h 47m,3975,DAMPIER ANCH,13d 20h 12m,3723,Laden,Not in Transit,Chevron Shipping
ASIA INTEGRITY,ARRIVAL,Port,ASHBURTON,2019-01-06 01:00:00,-,,BORYEONG,18d 20h 36m,4773,DAMPIER ANCH,16h 17m,171,Partially Laden,Not in Transit,Chevron Shipping
ASIA EXCELLENCE,ARRIVAL,Port,BARROW ISLAND,2019-01-04 07:20:00,-,,INCHEON,15d 5h 18m,4131,DAMPIER ANCH,23h 15m,315,Laden,Not in Transit,Chevron Shipping
ASIA ENERGY,ARRIVAL,Anchorage,DAMPIER ANCH,2019-01-03 08:53:00,-,,ANJEONG,11d 6h 44m,3894,ANJEONG,11d 6h 44m,3894,Partially Laden,Not in Transit,Chevron Shipping
ASIA ENDEAVOUR,ARRIVAL,Port,DAMPIER,2019-01-03 03:53:00,-,,INCHEON,13d 46m,3846,DAMPIER ANCH,4m,0,Partially Laden,Not in Transit,Chevron Shipping
ASIA INTEGRITY,ARRIVAL,Anchorage,DAMPIER ANCH,2019-01-01 02:19:00,-,,BORYEONG,13d 21h 55m,4598,BORYEONG,13d 21h 55m,4598,Partially Laden,Not in Transit,Chevron Shipping
ASIA ENDEAVOUR,ARRIVAL,Anchorage,DAMPIER ANCH,2018-12-31 00:07:00,-,,INCHEON,9d 21h ,3818,INCHEON,9d 21h ,3818,Partially Laden,Not in Transit,Chevron Shipping
ASIA VENTURE,ARRIVAL,Port,KAWASAKI,2018-12-30 01:12:00,-,,ASHBURTON,10d 22h 43m,4307,KAWASAKI ANCH,3m,0,Laden,Not in Transit,Chevron Shipping
ASIA VENTURE,ARRIVAL,Anchorage,KAWASAKI ANCH,2018-12-30 01:01:00,-,,ASHBURTON,10d 22h 32m,4307,DAMPIER ANCH,9d 19h 11m,3704,Laden,Not in Transit,Chevron Shipping
ASIA EXCELLENCE,ARRIVAL,Anchorage,DAMPIER ANCH,2018-12-29 04:57:00,-,,INCHEON,9d 2h 55m,3814,INCHEON,9d 2h 55m,3814,Laden,Not in Transit,Chevron Shipping
ASIA VISION,ARRIVAL,Anchorage,DAMPIER ANCH,2018-12-29 00:34:00,-,,ASHBURTON,23h 41m,249,ASHBURTON,23h 41m,249,Laden,Not in Transit,Chevron Shipping
ASIA VISION,ARRIVAL,Port,ASHBURTON,2018-12-27 02:42:00,-,,ASHBURTON,46m,6044,ASHBURTON,46m,6044,Partially Laden,Not in Transit,Chevron Shipping
ASIA VISION,ARRIVAL,Port,ASHBURTON,2018-12-27 00:46:00,-,,HIMEJI,10d 19h 42m,3870,HIMEJI,10d 19h 42m,3870,Partially Laden,Not in Transit,Chevron Shipping
ASIA ENERGY,ARRIVAL,Port,ANJEONG,2018-12-22 00:27:00,-,,DAMPIER,9d 21h 49m,4041,DAMPIER,9d 21h 49m,4041,Laden,Not in Transit,Chevron Shipping
ASIA ENDEAVOUR,ARRIVAL,Port,INCHEON,2018-12-20 03:11:00,-,,ASHBURTON,13d 5h 37m,3291,ASHBURTON,13d 5h 37m,3291,Laden,Not in Transit,Chevron Shipping
ASIA VENTURE,ARRIVAL,Anchorage,DAMPIER ANCH,2018-12-20 01:04:00,-,,ASHBURTON,22h 35m,600,ASHBURTON,22h 35m,600,Laden,Not in Transit,Chevron Shipping
ASIA EXCELLENCE,ARRIVAL,Port,INCHEON,2018-12-19 02:16:00,-,,BARROW ISLAND,9d 18h 40m,3794,DAMPIER ANCH,8d 14h 58m,3593,Laden,Not in Transit,Chevron Shipping
ASIA VENTURE,ARRIVAL,Port,ASHBURTON,2018-12-18 01:02:00,-,,PYEONGTAEK,10d 18h 22m,3908,PYEONGTAEK,10d 18h 22m,3908,Partially Laden,Not in Transit,Chevron Shipping
ASIA INTEGRITY,ARRIVAL,Port,BORYEONG,2018-12-17 01:20:00,-,,BARROW ISLAND,17d 54m,4178,KAOHSIUNG ANCH,3d 1h 5m,1205,Laden,Not in Transit,Chevron Shipping
ASIA VISION,ARRIVAL,Port,HIMEJI,2018-12-15 04:33:00,-,,ASHBURTON,14d 20h 13m,4588,KAOHSIUNG ANCH,3d 21h 14m,1369,In Ballast,Not in Transit,Chevron Shipping
ASIA ENERGY,ARRIVAL,Port,DAMPIER,2018-12-11 00:40:00,-,,ASHBURTON,23d 2h 34m,7689,DAMPIER ANCH,3m,0,In Ballast,Not in Transit,Chevron Shipping
ASIA EXCELLENCE,ARRIVAL,Anchorage,DAMPIER ANCH,2018-12-10 01:01:00,-,,BARROW ISLAND,17h 25m,197,BARROW ISLAND,17h 25m,197,Laden,Not in Transit,Chevron Shipping
ASIA VISION,ARRIVAL,Anchorage,KAOHSIUNG ANCH,2018-12-08 04:15:00,-,,ASHBURTON,7d 19h 55m,3217,ASHBURTON,7d 19h 55m,3217,Laden,Not in Transit,Chevron Shipping
ASIA EXCELLENCE,ARRIVAL,Port,BARROW ISLAND,2018-12-08 03:36:00,-,,OITA,9d 2h 26m,3590,OITA,9d 2h 26m,3590,Partially Laden,Not in Transit,Chevron Shipping
ASIA ENERGY,ARRIVAL,Anchorage,DAMPIER ANCH,2018-12-08 03:35:00,-,,ASHBURTON,20d 5h 29m,7662,ASHBURTON,20d 5h 29m,7662,In Ballast,Not in Transit,Chevron Shipping
ASIA INTEGRITY,ARRIVAL,Anchorage,KAOHSIUNG ANCH,2018-12-07 00:40:00,-,,BARROW ISLAND,7d 14m,2971,BARROW ISLAND,7d 14m,2971,Laden,Not in Transit,Chevron Shipping
ASIA VENTURE,ARRIVAL,Port,PYEONGTAEK,2018-12-06 06:59:00,-,,ASHBURTON,12d 4h 14m,4118,ASHBURTON,12d 4h 14m,4118,Laden,Not in Transit,Chevron Shipping
ASIA ENDEAVOUR,ARRIVAL,Port,ASHBURTON,2018-12-05 18:22:00,-,,KISARAZU,13d 13h 22m,3929,KISARAZU,13d 13h 22m,3929,Partially Laden,Not in Transit,Chevron Shipping
ASIA VISION,ARRIVAL,Port,ASHBURTON,2018-11-29 06:54:00,-,,YANGKOU,13d 21h 41m,4315,DAMPIER ANCH,22h 6m,236,In Ballast,Not in Transit,Chevron Shipping
ASIA INTEGRITY,ARRIVAL,Port,BARROW ISLAND,2018-11-28 21:31:00,-,,PYEONGTAEK,12d 22h 8m,4104,BARROW ANCH,17m,2,Partially Laden,Not in Transit,Chevron Shipping
ASIA INTEGRITY,ARRIVAL,Anchorage,BARROW ANCH,2018-11-28 06:13:00,-,,PYEONGTAEK,12d 6h 50m,4091,DAMPIER ANCH,3h 27m,50,Partially Laden,Not in Transit,Chevron Shipping
ASIA EXCELLENCE,ARRIVAL,Port,OITA,2018-11-28 00:53:00,-,,LESE,16d 20h 5m,4400,KAOHSIUNG ANCH,2d 23h 46m,1169,Laden,Not in Transit,Chevron Shipping
ASIA INTEGRITY,ARRIVAL,Anchorage,DAMPIER ANCH,2018-11-26 12:00:00,-,,PYEONGTAEK,10d 12h 37m,4038,PYEONGTAEK,10d 12h 37m,4038,Partially Laden,Not in Transit,Chevron Shipping
ASIA VISION,ARRIVAL,Anchorage,DAMPIER ANCH,2018-11-26 10:04:00,-,,YANGKOU,11d 51m,4077,YANGKOU,11d 51m,4077,In Ballast,Not in Transit,Chevron Shipping
ASIA VENTURE,ARRIVAL,Port,ASHBURTON,2018-11-23 01:38:00,-,,KISARAZU,11d 21h 49m,4161,KISARAZU,11d 21h 49m,4161,Partially Laden,Not in Transit,Chevron Shipping
ASIA ENDEAVOUR,ARRIVAL,Port,KISARAZU,2018-11-21 01:31:00,-,,ASHBURTON,22d 22h 49m,4422,DARWIN ANCH,7d 20h 54m,3177,Laden,Not in Transit,Chevron Shipping
ASIA EXCELLENCE,ARRIVAL,Anchorage,KAOHSIUNG ANCH,2018-11-18 08:38:00,-,,LESE,7d 3h 50m,3224,LESE,7d 3h 50m,3224,Laden,Not in Transit,Chevron Shipping
ASIA ENERGY,ARRIVAL,Port,ASHBURTON,2018-11-16 21:15:00,-,,PYEONGTAEK,12d 19h 20m,4014,DAMPIER ANCH,19h 50m,283,In Ballast,Not in Transit,Chevron Shipping
ASIA INTEGRITY,ARRIVAL,Port,PYEONGTAEK,2018-11-14 22:35:00,-,,BARROW ISLAND,11d 17h 42m,4125,KAOHSIUNG ANCH,2d 16h 58m,1122,Laden,Not in Transit,Chevron Shipping
ASIA VISION,ARRIVAL,Port,YANGKOU,2018-11-14 05:57:00,-,,BARROW ISLAND,16d 23h 30m,3364,DAMPIER ANCH,14d 19h 39m,3204,Laden,Not in Transit,Chevron Shipping
ASIA ENERGY,ARRIVAL,Anchorage,DAMPIER ANCH,2018-11-13 04:30:00,-,,PYEONGTAEK,9d 2h 35m,3725,PYEONGTAEK,9d 2h 35m,3725,Partially Laden,Not in Transit,Chevron Shipping
ASIA VENTURE,ARRIVAL,Port,KISARAZU,2018-11-10 04:07:00,-,,ASHBURTON,20d 1h 56m,3962,DAMPIER ANCH,9d 21h 32m,3626,Laden,Not in Transit,Chevron Shipping
ASIA INTEGRITY,ARRIVAL,Anchorage,KAOHSIUNG ANCH,2018-11-10 02:26:00,-,,BARROW ISLAND,6d 21h 33m,3001,BARROW ISLAND,6d 21h 33m,3001,Laden,Not in Transit,Chevron Shipping
ASIA EXCELLENCE,ARRIVAL,Port,LESE,2018-11-09 20:34:00,-,,BARROW ISLAND,29d 15h 35m,8272,DAMPIER ANCH,29d 10h 32m,8211,Partially Laden,Not in Transit,Chevron Shipping
ASIA ENERGY,ARRIVAL,Port,PYEONGTAEK,2018-11-03 01:54:00,-,,BARROW ISLAND,18d 5h 44m,4646,DAMPIER ANCH,11d 22h 2m,4577,Laden,Not in Transit,Chevron Shipping
ASIA INTEGRITY,ARRIVAL,Port,BARROW ISLAND,2018-11-01 23:07:00,-,,KISARAZU,49d 19h 51m,7349,BARROW ANCH,14m,2,Partially Laden,Not in Transit,Chevron Shipping
ASIA INTEGRITY,ARRIVAL,Anchorage,BARROW ANCH,2018-11-01 07:53:00,-,,BARROW ISLAND,31d 9h 41m,7334,DAMPIER ANCH,3h 53m,51,Partially Laden,Not in Transit,Chevron Shipping
ASIA ENDEAVOUR,ARRIVAL,Anchorage,DARWIN ANCH,2018-11-01 01:22:00,-,,ASHBURTON,2d 22h 40m,1238,ASHBURTON,2d 22h 40m,1238,Laden,Not in Transit,Chevron Shipping
ASIA INTEGRITY,ARRIVAL,Anchorage,DAMPIER ANCH,2018-10-29 01:32:00,-,,BARROW ISLAND,28d 3h 20m,7279,DAMPIER ANCH,25d 23h 9m,7157,Partially Laden,Not in Transit,Chevron Shipping
ASIA VISION,ARRIVAL,Anchorage,DAMPIER ANCH,2018-10-28 22:34:00,-,,BARROW ISLAND,16h 7m,156,BARROW ISLAND,16h 7m,156,Laden,Not in Transit,Chevron Shipping
ASIA ENDEAVOUR,ARRIVAL,Port,ASHBURTON,2018-10-28 01:15:00,-,,NIIGATA,12d 20h 45m,4618,DAMPIER ANCH,21h 29m,185,Partially Laden,Not in Transit,Chevron Shipping
ASIA VISION,ARRIVAL,Port,BARROW ISLAND,2018-10-27 04:35:00,-,,HIMEJI,10d 23h 10m,3601,HIMEJI,10d 23h 10m,3601,In Ballast,Not in Transit,Chevron Shipping
ASIA ENDEAVOUR,ARRIVAL,Anchorage,DAMPIER ANCH,2018-10-26 01:48:00,-,,NIIGATA,10d 21h 18m,4429,NIIGATA,10d 21h 18m,4429,Partially Laden,Not in Transit,Chevron Shipping
ASIA EXCELLENCE,ARRIVAL,Port,BORYEONG,2018-10-22 20:25:00,-,,BARROW ISLAND,11d 15h 26m,3528,DAMPIER ANCH,11d 10h 23m,3467,Laden,In Transit,Chevron Shipping
ASIA VENTURE,ARRIVAL,Anchorage,DAMPIER ANCH,2018-10-22 01:31:00,-,,ASHBURTON,23h 20m,331,ASHBURTON,23h 20m,331,Laden,Not in Transit,Chevron Shipping
ASIA VENTURE,ARRIVAL,Port,ASHBURTON,2018-10-20 01:17:00,-,,DALIAN,43d 17h 54m,8409,DAMPIER ANCH,23h 31m,284,Partially Laden,Not in Transit,Chevron Shipping
ASIA ENERGY,ARRIVAL,Anchorage,DAMPIER ANCH,2018-10-16 02:18:00,-,,BARROW ISLAND,6h 8m,63,BARROW ISLAND,6h 8m,63,Laden,Not in Transit,Chevron Shipping
ASIA VISION,ARRIVAL,Port,HIMEJI,2018-10-15 04:25:00,-,,ASHBURTON,9d 22h 47m,3893,ASHBURTON,9d 22h 47m,3893,Laden,Not in Transit,Chevron Shipping
ASIA VENTURE,ARRIVAL,Anchorage,DAMPIER ANCH,2018-10-15 01:59:00,-,,ASHBURTON,23d 16h 5m,8117,ASHBURTON,23d 16h 5m,8117,Partially Laden,Not in Transit,Chevron Shipping
ASIA ENERGY,ARRIVAL,Port,BARROW ISLAND,2018-10-14 18:27:00,-,,SAKAI,15d 13h 6m,4243,DAMPIER ANCH,14h 49m,153,Partially Laden,Not in Transit,Chevron Shipping
ASIA ENDEAVOUR,ARRIVAL,Port,NIIGATA,2018-10-14 00:53:00,-,,ASHBURTON,13d 22h 50m,4429,DAMPIER ANCH,11d 15h 29m,4135,Laden,Not in Transit,Chevron Shipping
ASIA EXCELLENCE,ARRIVAL,Anchorage,DAMPIER ANCH,2018-10-11 09:20:00,-,,BARROW ISLAND,4h 21m,59,BARROW ISLAND,4h 21m,59,Laden,Not in Transit,Chevron Shipping
ASIA ENERGY,ARRIVAL,Anchorage,DAMPIER ANCH,2018-10-10 03:40:00,-,,SAKAI,10d 22h 19m,4084,SAKAI,10d 22h 19m,4084,Partially Laden,Not in Transit,Chevron Shipping
ASIA EXCELLENCE,ARRIVAL,Port,BARROW ISLAND,2018-10-10 02:30:00,-,,DARWIN,7d 18h 16m,1374,DAMPIER ANCH,17h 19m,161,Partially Laden,Not in Transit,Chevron Shipping
ASIA EXCELLENCE,ARRIVAL,Anchorage,DAMPIER ANCH,2018-10-05 08:38:00,-,,DARWIN,3d 24m,1209,DARWIN,3d 24m,1209,Partially Laden,Not in Transit,Chevron Shipping
ASIA VISION,ARRIVAL,Port,ASHBURTON,2018-10-04 01:03:00,-,,INCHEON,13d 22h 59m,4339,DAMPIER ANCH,18h 36m,208,In Ballast,Not in Transit,Chevron Shipping
ASIA VENTURE,ARRIVAL,Port,HOSAN,2018-10-02 23:58:00,-,,ASHBURTON,11d 14h 4m,4094,ASHBURTON,11d 14h 4m,4094,Laden,In Transit,Chevron Shipping
ASIA INTEGRITY,ARRIVAL,Anchorage,DAMPIER ANCH,2018-10-01 01:55:00,-,,BARROW ISLAND,3h 43m,120,BARROW ISLAND,3h 43m,120,Laden,Not in Transit,Chevron Shipping
ASIA ENDEAVOUR,ARRIVAL,Anchorage,DAMPIER ANCH,2018-10-01 00:58:00,-,,ASHBURTON,22h 55m,290,ASHBURTON,22h 55m,290,Laden,Not in Transit,Chevron Shipping
ASIA VISION,ARRIVAL,Anchorage,DAMPIER ANCH,2018-10-01 00:12:00,-,,INCHEON,10d 22h 8m,4126,INCHEON,10d 22h 8m,4126,In Ballast,Not in Transit,Chevron Shipping
ASIA EXCELLENCE,ARRIVAL,Port,DARWIN,2018-09-29 21:02:00,-,,BARROW ISLAND,3d 10h 30m,1428,BARROW ISLAND,3d 10h 30m,1428,Laden,Not in Transit,Chevron Shipping
ASIA INTEGRITY,ARRIVAL,Port,BARROW ISLAND,2018-09-29 17:53:00,-,,KISARAZU,16d 14h 37m,3836,DAMPIER ANCH,7h 54m,77,Partially Laden,Not in Transit,Chevron Shipping
ASIA ENDEAVOUR,ARRIVAL,Port,ASHBURTON,2018-09-29 00:55:00,-,,BARROW ISLAND,25d 14h 44m,8475,BARROW ISLAND,25d 14h 44m,8475,Partially Laden,Not in Transit,Chevron Shipping
ASIA ENERGY,ARRIVAL,Port,SAKAI,2018-09-28 04:07:00,-,,DAMPIER ANCH,9d 2h 36m,3732,DAMPIER ANCH,9d 2h 36m,3732,Laden,Not in Transit,Chevron Shipping
ASIA EXCELLENCE,ARRIVAL,Port,BARROW ISLAND,2018-09-25 08:51:00,-,,ZHUHAI,49d 23h 20m,8922,DAMPIER ANCH,7h 39m,60,Partially Laden,Not in Transit,Chevron Shipping
ASIA INTEGRITY,ARRIVAL,Anchorage,DAMPIER ANCH,2018-09-23 03:37:00,-,,KISARAZU,10d 21m,3754,KISARAZU,10d 21m,3754,Partially Laden,Not in Transit,Chevron Shipping
ASIA EXCELLENCE,ARRIVAL,Anchorage,DAMPIER ANCH,2018-09-21 06:51:00,-,,BARROW ISLAND,28d 1h 26m,8858,DAMPIER ANCH,23d 21h 50m,8749,Partially Laden,Not in Transit,Chevron Shipping
ASIA VENTURE,ARRIVAL,Port,ASHBURTON,2018-09-20 08:56:00,-,,DALIAN,14d 1h 33m,4261,DAMPIER ANCH,1d 46m,290,Partially Laden,Not in Transit,Chevron Shipping
ASIA VISION,ARRIVAL,Port,INCHEON,2018-09-19 03:31:00,-,,ASHBURTON,11d 17h 26m,3972,ASHBURTON,11d 17h 26m,3972,Laden,Not in Transit,Chevron Shipping
ASIA ENERGY,ARRIVAL,Anchorage,DAMPIER ANCH,2018-09-17 02:10:00,-,,ASHBURTON,15h 9m,210,ASHBURTON,15h 9m,210,Laden,Not in Transit,Chevron Shipping
ASIA VENTURE,ARRIVAL,Anchorage,DAMPIER ANCH,2018-09-17 01:06:00,-,,DALIAN,10d 17h 43m,3966,DALIAN,10d 17h 43m,3966,Partially Laden,Not in Transit,Chevron Shipping
ASIA ENDEAVOUR,ARRIVAL,Port,HACHINOHE,2018-09-17 00:13:00,-,,BARROW ISLAND,13d 14h 2m,4180,BARROW ISLAND,13d 14h 2m,4180,Laden,In Transit,Chevron Shipping
ASIA ENERGY,ARRIVAL,Port,ASHBURTON,2018-09-15 08:49:00,-,,OITA,9d 4h 33m,3715,OITA,9d 4h 33m,3715,In Ballast,Not in Transit,Chevron Shipping
ASIA INTEGRITY,ARRIVAL,Port,KISARAZU,2018-09-12 03:51:00,-,,ASHBURTON,15d 13h 20m,5152,DAMPIER ANCH,11d 1h 54m,4034,Laden,Not in Transit,Chevron Shipping
ASIA VISION,ARRIVAL,Port,ASHBURTON,2018-09-06 08:40:00,-,,DALIAN,10d 2h 40m,4020,DALIAN ANCH,9d 23h 2m,4003,In Ballast,Not in Transit,Chevron Shipping
ASIA ENERGY,ARRIVAL,Port,OITA,2018-09-05 03:37:00,-,,BARROW ISLAND,11d 24m,4587,OITA ANCH,4m,0,Laden,Not in Transit,Chevron Shipping
ASIA ENERGY,ARRIVAL,Anchorage,OITA ANCH,2018-09-05 03:22:00,-,,BARROW ISLAND,11d 9m,4587,DAMPIER ANCH,10d 17h 50m,4451,Laden,Not in Transit,Chevron Shipping
ASIA VENTURE,ARRIVAL,Port,DALIAN,2018-09-05 02:16:00,-,,ASHBURTON,12d 14h 45m,4371,DALIAN ANCH,3m,0,Laden,Not in Transit,Chevron Shipping
ASIA VENTURE,ARRIVAL,Anchorage,DALIAN ANCH,2018-09-04 06:00:00,-,,ASHBURTON,11d 18h 29m,4354,ASHBURTON,11d 18h 29m,4354,Laden,Not in Transit,Chevron Shipping
ASIA ENDEAVOUR,ARRIVAL,Port,BARROW ISLAND,2018-09-02 08:33:00,-,,KISARAZU,14d 7h 55m,4492,DAMPIER ANCH,5h 59m,60,Partially Laden,Not in Transit,Chevron Shipping
ASIA ENDEAVOUR,ARRIVAL,Anchorage,DAMPIER ANCH,2018-09-01 00:48:00,-,,KISARAZU,13d 10m,4430,KISARAZU,13d 10m,4430,Partially Laden,Not in Transit,Chevron Shipping
ASIA INTEGRITY,ARRIVAL,Anchorage,DAMPIER ANCH,2018-08-28 07:54:00,-,,ASHBURTON,17h 23m,1113,ASHBURTON,17h 23m,1113,Laden,Not in Transit,Chevron Shipping
ASIA EXCELLENCE,ARRIVAL,Anchorage,DAMPIER ANCH,2018-08-28 01:08:00,-,,BARROW ISLAND,3d 19h 43m,106,DAMPIER ANCH,2h 29m,29,Laden,Not in Transit,Chevron Shipping
ASIA VISION,ARRIVAL,Anchorage,DALIAN ANCH,2018-08-27 08:28:00,-,,DALIAN,2h 28m,14,DALIAN,2h 28m,14,In Ballast,Not in Transit,Chevron Shipping
ASIA INTEGRITY,ARRIVAL,Port,ASHBURTON,2018-08-26 08:39:00,-,,KAWASAKI,10d 5h 18m,3900,KAWASAKI ANCH,10d 5h ,3898,Partially Laden,Not in Transit,Chevron Shipping
ASIA VISION,ARRIVAL,Port,DALIAN,2018-08-26 00:40:00,-,,BARROW ISLAND,11d 6h 12m,3670,DALIAN ANCH,2m,0,Laden,Not in Transit,Chevron Shipping
ASIA ENERGY,ARRIVAL,Anchorage,DAMPIER ANCH,2018-08-25 07:14:00,-,,BARROW ISLAND,4h 1m,133,BARROW ISLAND,4h 1m,133,Laden,Not in Transit,Chevron Shipping
ASIA VISION,ARRIVAL,Anchorage,DALIAN ANCH,2018-08-24 21:34:00,-,,BARROW ISLAND,10d 3h 6m,3659,DAMPIER ANCH,9d 17h 5m,3593,Laden,Not in Transit,Chevron Shipping
ASIA EXCELLENCE,ARRIVAL,Anchorage,DAMPIER ANCH,2018-08-24 10:00:00,-,,BARROW ISLAND,4h 35m,74,BARROW ISLAND,4h 35m,74,Laden,Not in Transit,Chevron Shipping
ASIA ENERGY,ARRIVAL,Port,BARROW ISLAND,2018-08-24 00:44:00,-,,BARROW ISLAND,23d 23h 1m,9139,BARROW ISLAND,23d 23h 1m,9139,In Ballast,Not in Transit,Chevron Shipping
ASIA EXCELLENCE,ARRIVAL,Port,BARROW ISLAND,2018-08-22 16:17:00,-,,ZHUHAI,16d 6h 46m,3295,DAMPIER ANCH,7h 37m,60,Partially Laden,Not in Transit,Chevron Shipping
ASIA VENTURE,ARRIVAL,Port,ASHBURTON,2018-08-22 09:02:00,-,,XIUYU,18d 23h 47m,3763,DAMPIER ANCH,1d 25m,291,Partially Laden,Not in Transit,Chevron Shipping
ASIA ENDEAVOUR,ARRIVAL,Port,KISARAZU,2018-08-18 00:52:00,-,,ASHBURTON,14d 22h 51m,4164,ASHBURTON,14d 22h 51m,4164,Laden,Not in Transit,Chevron Shipping
ASIA EXCELLENCE,ARRIVAL,Anchorage,DAMPIER ANCH,2018-08-16 06:23:00,-,,ZHUHAI,9d 20h 52m,3228,ZHUHAI,9d 20h 52m,3228,Partially Laden,Not in Transit,Chevron Shipping
ASIA INTEGRITY,ARRIVAL,Anchorage,KAWASAKI ANCH,2018-08-16 03:24:00,-,,KAWASAKI,3m,1,KAWASAKI,3m,1,Partially Laden,Not in Transit,Chevron Shipping
ASIA INTEGRITY,ARRIVAL,Port,KAWASAKI,2018-08-15 00:57:00,-,,ASHBURTON,18d 23h 57m,4376,DAMPIER ANCH,10d 16h 37m,4211,Laden,Not in Transit,Chevron Shipping
ASIA VISION,ARRIVAL,Anchorage,DAMPIER ANCH,2018-08-15 00:44:00,-,,BARROW ISLAND,6h 16m,62,BARROW ISLAND,6h 16m,62,Laden,Not in Transit,Chevron Shipping
ASIA VISION,ARRIVAL,Port,BARROW ISLAND,2018-08-13 05:18:00,-,,PYEONGTAEK,32d 23h 44m,4194,DAMPIER ANCH,2d 22h 54m,463,In Ballast,Not in Transit,Chevron Shipping
ASIA VENTURE,ARRIVAL,Anchorage,DAMPIER ANCH,2018-08-13 01:51:00,-,,XIUYU,9d 16h 36m,3470,XIUYU,9d 16h 36m,3470,Partially Laden,Not in Transit,Chevron Shipping
